package_name,category,repo_age_days,days_since_last_commit,releases_per_year,stars_per_day,contributors_per_year,doc_completeness_score,has_license,weekly_downloads,open_issues,well_maintained
axios,HTTP clients,4363,0,11.971292688517075,10.121843086852163,52.64205840770872,1.0,1,113921400,62.0,1
node-fetch,HTTP clients,4203,79,8.342612419700213,2.107304306447775,10.080656673804425,1.0,1,177367385,250.0,1
dayjs,Date/time libraries,3033,30,16.136993076162213,10.121843086852163,42.87141444114737,2.0,1,63949121,1291.0,1
lodash,Utility libraries,5227,26,8.175674383011287,10.121843086852163,18.72718576621389,2.0,1,165156633,99.0,1
zod,Data validation,2335,0,136.87098501070665,10.121843086852163,52.64205840770872,2.0,1,245639357,342.0,1
got,HTTP clients,4507,12,16.208120701131573,3.312624805857555,16.613323718659863,1.0,1,39308927,0.0,1
superagent,HTTP clients,5587,205,11.702120995167352,2.9795954895292645,18.762618578843743,2.0,1,22967946,186.0,1
ky,HTTP clients,2885,23,12.53370883882149,5.894974003466205,16.2051993067591,1.0,1,7273579,0.0,1
undici,HTTP clients,3001,0,36.39111962679107,2.550149950016661,47.34496834388537,2.0,1,143373482,333.0,1
@usebruno/cli,HTTP clients,1401,0,31.806209850107066,10.121843086852163,52.64205840770872,1.0,1,223964,1768.0,1
@sap-cloud-sdk/http-client,HTTP clients,2389,0,143.6918531169311,0.0895772289660946,7.338635412306404,1.0,1,201302,52.0,1
@kubb/plugin-client,HTTP clients,1298,1,143.6918531169311,1.3628659476117104,26.451078582434512,1.0,1,127313,7.0,1
wreq-js,HTTP clients,264,2,30.437499999999996,0.5265151515151515,12.451704545454545,1.0,1,108698,2.0,1
kubo-rpc-client,HTTP clients,1441,17,8.61797362942401,0.033310201249132546,9.378383067314365,1.0,1,42165,40.0,1
tls-client-node,HTTP clients,102,10,50.13235294117648,0.0196078431372549,7.161764705882353,2.0,1,80261,2.0,1
fetch-smartly,HTTP clients,118,116,9.286016949152543,0.00847457627118644,3.0953389830508473,1.0,1,46769,0.0,1
alova,HTTP clients,1372,4,59.89887026239067,2.92201166180758,5.590561224489796,2.0,1,13118,13.0,1
rezo,HTTP clients,236,26,143.6918531169311,0.0,4.643008474576272,2.0,1,6852,1.0,1
cuimp,HTTP clients,328,7,35.63414634146341,0.27134146341463417,15.589939024390244,2.0,0,3361,0.0,1
@effect-ak/tg-bot-client,HTTP clients,596,12,26.351929530201343,0.04530201342281879,1.2256711409395973,1.0,0,3843,0.0,1
ng-http-caching,HTTP clients,2184,1,10.536057692307693,0.024267399267399268,0.334478021978022,2.0,1,3415,0.0,1
@orangeopensource/hurl,HTTP clients,2164,0,6.920170979667283,8.82902033271719,15.865757855822553,1.0,1,3887,200.0,1
feature-fetch,HTTP clients,787,0,26.91804320203304,0.045743329097839895,2.3205209656925034,2.0,1,1120,1.0,1
request-digest,HTTP clients,4068,2822,2.3344395280235988,0.0031956735496558504,0.8978613569321533,2.0,1,2538,1.0,0
@theholocron/github-client,HTTP clients,637,0,16.62833594976452,0.0,1.7201726844583987,1.0,1,3190,0.0,1
@theholocron/clerk-client,HTTP clients,637,0,16.62833594976452,0.0,1.7201726844583987,1.0,1,1449,0.0,1
@theholocron/doppler-client,HTTP clients,637,0,15.481554160125588,0.0,1.7201726844583987,1.0,1,1431,0.0,1
@theholocron/infisical-client,HTTP clients,637,0,13.76138147566719,0.0,1.7201726844583987,1.0,1,1427,0.0,1
@adobe/aio-commerce-lib-api,HTTP clients,397,2,18.40050377833753,0.0327455919395466,11.040302267002518,2.0,1,2019,5.0,1
kubo-rpc-client-esm-cjs,HTTP clients,1441,17,0.253469812630118,0.033310201249132546,9.378383067314365,1.0,1,1543,40.0,1
@theholocron/confluence-client,HTTP clients,637,0,21.21546310832025,0.0,1.7201726844583987,1.0,1,1069,0.0,1
@theholocron/neon-client,HTTP clients,637,0,13.76138147566719,0.0,1.7201726844583987,1.0,1,1449,0.0,1
@agentforge/tools,HTTP clients,218,0,143.6918531169311,0.0045871559633027525,1.67545871559633,2.0,1,566,1.0,1
@thymian/plugin-request-dispatcher,HTTP clients,561,0,73.57085561497327,0.05169340463458111,6.510695187165775,1.0,1,2292,7.0,1
@theholocron/zendesk-client,HTTP clients,637,0,18.921899529042385,0.0,1.7201726844583987,1.0,1,1030,0.0,1
moleculer-http-client,HTTP clients,2580,1136,2.5482558139534883,0.007364341085271318,0.5662790697674419,2.0,1,1097,3.0,0
@kubb/plugin-fetch,HTTP clients,105,11,62.614285714285714,0.047619047619047616,34.785714285714285,1.0,1,684,6.0,1
@theholocron/vercel-client,HTTP clients,637,0,11.467817896389326,0.0,1.7201726844583987,1.0,1,1340,0.0,1
@theholocron/postman-client,HTTP clients,637,0,11.467817896389326,0.0,1.7201726844583987,1.0,1,1359,0.0,1
syntropylog,HTTP clients,388,3,85.66430412371135,0.002577319587628866,5.648195876288661,1.0,1,499,8.0,1
@kubb/plugin-axios,HTTP clients,105,11,62.614285714285714,0.047619047619047616,34.785714285714285,1.0,1,267,6.0,1
@authup/core-http-kit,HTTP clients,1858,0,8.453040904198062,0.021528525296017224,0.9829117330462863,2.0,1,999,35.0,1
@firtoz/hono-fetcher,HTTP clients,389,22,16.90102827763496,0.012853470437017995,3.755784061696658,2.0,0,980,0.0,1
curl-cffi,HTTP clients,413,82,45.10351089588378,0.07990314769975787,1.768765133171913,2.0,1,403,0.0,1
@venizia/ignis-helpers,HTTP clients,256,2,108.43359375,0.0390625,12.8408203125,2.0,1,1581,0.0,1
@dxtmisha/functional-basic,HTTP clients,554,0,42.85424187725632,0.0,0.6592960288808665,2.0,1,388,0.0,1
reduct-js,HTTP clients,1570,15,13.493312101910828,0.006369426751592357,1.395859872611465,2.0,1,1287,2.0,1
@gofreego/tsutils,HTTP clients,132,34,80.24431818181817,0.0,2.767045454545454,1.0,1,56,0.0,1
util-http,HTTP clients,452,108,12.121128318584072,0.004424778761061947,2.4242256637168142,2.0,1,29,0.0,1
scrappey-wrapper,HTTP clients,1113,51,3.6098382749326143,0.013477088948787063,0.32816711590296493,2.0,1,325,0.0,1
als-request,HTTP clients,1153,1131,2.534258456201214,0.0008673026886383347,0.31678230702515175,2.0,1,190,0.0,0
@mdf.js/http-client-provider,HTTP clients,1367,97,28.589429407461594,0.000731528895391368,0.5343818580833943,2.0,1,136,0.0,1
@journyio/http,HTTP clients,2122,1739,1.0327521206409047,0.001413760603204524,0.34425070688030157,1.0,1,21,4.0,0
drishti-sdk,HTTP clients,83,10,89.28333333333333,0.0,12.175,1.0,0,44,0.0,1
moment,Date/time libraries,5630,3,4.930550621669627,8.512611012433393,45.023712255772644,1.0,1,34377779,222.0,1
date-fns,Date/time libraries,4315,52,17.69113557358053,8.486442641946697,36.48267670915411,1.0,0,96114380,983.0,1
luxon,Date/time libraries,3894,92,14.163520801232666,4.218284540318439,23.16814329738059,1.0,1,36380333,194.0,1
to-regex-range,Date/time libraries,4010,728,1.6395261845386535,0.04314214463840399,0.45542394014962595,1.0,1,154568060,10.0,0
kind-of,Date/time libraries,4325,777,2.195722543352601,0.08184971098265896,1.0134104046242773,1.0,1,122384851,13.0,0
is-extendable,Date/time libraries,4049,1804,0.3608298345270437,0.004692516670782909,0.3608298345270437,2.0,1,59042062,1.0,0
postgres-date,Date/time libraries,4064,172,1.0784940944881891,0.0044291338582677165,0.8088705708661418,2.0,1,52780663,1.0,1
@date-fns/tz,Date/time libraries,4315,52,1.523638470451912,8.486442641946697,36.48267670915411,1.0,0,33819839,983.0,1
clone-deep,Date/time libraries,4171,901,1.4011028530328458,0.07600095900263726,0.35027571325821144,2.0,1,27330394,8.0,0
fecha,Date/time libraries,4220,1302,2.163803317535545,0.48981042654028434,1.731042654028436,2.0,1,24763093,8.0,0
moment-timezone,Date/time libraries,5195,11,4.851251203079885,0.7462945139557267,3.796631376323388,1.0,1,18615357,76.0,1
date-fns-tz,Date/time libraries,2853,575,7.809411146161935,0.41430073606729756,6.017087276550999,2.0,1,10682644,73.0,0
date-format,Date/time libraries,4718,1107,1.780574395930479,0.01271725307333616,0.6967465027554048,2.0,1,8829994,4.0,0
@google-cloud/precise-date,Date/time libraries,4468,0,1.3897157564905998,0.7148612354521039,52.64205840770872,1.0,1,9193809,627.0,1
natural-orderby,Date/time libraries,2955,220,1.7304568527918782,0.022673434856175973,0.9888324873096447,2.0,1,5993719,18.0,1
telejson,Date/time libraries,2837,113,7.209728586535072,0.062389848431441665,3.604864293267536,2.0,1,3860293,16.0,1
react-datepicker,Date/time libraries,4421,119,16.688645102917892,1.8961773354444695,41.72161275729473,2.0,1,5105530,90.0,1
@js-joda/core,Date/time libraries,3939,9,3.245430312261995,0.4219345011424219,8.252665651180502,2.0,1,4410193,11.0,1
mockdate,Date/time libraries,4517,698,1.5363626300642017,0.15054239539517378,1.2129178658401594,2.0,1,2862012,17.0,0
time-stamp,Date/time libraries,4108,2074,0.9780306718597859,0.026777020447906523,0.7112950340798443,2.0,1,2688842,8.0,0
pretty-time,Date/time libraries,3944,2605,0.5556541582150102,0.01343813387423935,0.18521805273833672,2.0,1,2578479,2.0,0
@segment/isodate,Date/time libraries,4712,975,0.3100594227504244,0.0021222410865874364,0.697633701188455,1.0,1,1978690,18.0,0
new-date,Date/time libraries,4885,1107,0.6729273285568066,0.0028659160696008186,0.9720061412487206,2.0,1,2040938,16.0,0
@segment/isodate-traverse,Date/time libraries,4703,34,0.31065277482458004,0.0025515628322347436,1.1649479055921752,2.0,1,2047728,23.0,1
flatpickr,Date/time libraries,4006,726,15.8645781328008,4.110584123814278,24.70862456315527,1.0,1,1761470,853.0,0
@date-io/core,Date/time libraries,2830,509,5.80786219081272,0.2667844522968198,6.195053003533569,2.0,1,1744104,34.0,0
@date-io/date-fns,Date/time libraries,2830,509,6.711307420494699,0.2667844522968198,6.195053003533569,2.0,1,1275516,34.0,0
nano-time,Date/time libraries,3572,1937,0.10225363941769318,0.005879059350503919,0.10225363941769318,2.0,0,1703689,2.0,0
duration,Date/time libraries,5181,1057,0.5639837869137232,0.005790387955993051,0.0704979733642154,2.0,1,1491885,3.0,0
vali-date,Date/time libraries,3879,713,0.09416086620262953,0.0030935808197989174,0.09416086620262953,2.0,1,1331744,0.0,0
date-arithmetic,Date/time libraries,4362,2400,0.6698762035763411,0.012379642365887207,0.921079779917469,2.0,1,1411979,2.0,0
react-calendar,Date/time libraries,3289,2,9.99467923380967,1.1508057160231073,4.553131650957738,2.0,1,1255335,24.0,1
@mantine/dates,Date/time libraries,2029,0,73.08600295712174,10.121843086852163,52.64205840770872,1.0,1,1155091,55.0,1
date-time,Date/time libraries,4585,1483,0.7169574700109052,0.006761177753544166,0.4779716466739367,1.0,1,949138,0.0,0
time-zone,Date/time libraries,3662,1482,0.2992217367558711,0.015838339705079193,0.1994811578372474,1.0,1,780388,0.0,0
@wojtekmaj/date-utils,Date/time libraries,2460,4,2.2271341463414633,0.00853658536585366,0.5939024390243902,2.0,1,1127868,0.0,1
timestring,Date/time libraries,4974,515,1.101477683956574,0.01648572577402493,1.0280458383594693,1.0,1,1197769,2.0,0
chartjs-adapter-date-fns,Date/time libraries,2759,1107,1.985773831098224,0.04385646973541138,1.0590793765857194,1.0,1,872376,13.0,0
@date-io/moment,Date/time libraries,2830,509,6.840371024734982,0.2667844522968198,6.195053003533569,2.0,1,792084,34.0,0
timezone-mock,Date/time libraries,4002,39,4.198275862068965,0.026986506746626688,2.555472263868066,2.0,1,737817,12.0,1
lossless-json,Date/time libraries,3824,204,2.9609701882845187,0.12421548117154811,0.6686061715481172,2.0,1,872711,1.0,1
@expo/timeago.js,Date/time libraries,1780,1780,0.20519662921348314,0.0005617977528089888,16.826123595505617,1.0,1,871387,0.0,0
react-native-modal-datetime-picker,Date/time libraries,3606,706,9.82508319467554,0.8466444814198558,9.82508319467554,2.0,1,798124,59.0,0
caldate,Date/time libraries,3724,1176,1.3731203007518797,0.0002685284640171858,0.09808002148227712,2.0,1,772472,2.0,0
@vuepic/vue-datepicker,Date/time libraries,1599,21,22.157129455909946,1.103189493433396,20.78658536585366,2.0,1,697666,10.0,1
@date-io/dayjs,Date/time libraries,2830,509,5.80786219081272,0.2667844522968198,6.195053003533569,2.0,1,683456,34.0,0
vega-format,Date/time libraries,4924,0,1.038484971567831,2.425467099918765,12.387642160844841,1.0,1,802405,480.0,1
vega-time,Date/time libraries,4924,0,1.1868399675060926,2.425467099918765,12.387642160844841,1.0,1,832510,480.0,1
jalaali-js,Date/time libraries,4426,5,1.4854270221418888,0.08224130140081337,0.9077609579755987,2.0,1,817467,1.0,1
world-calendars,Date/time libraries,447,383,4.902684563758389,0.0022371364653243847,2.4513422818791946,2.0,1,679735,0.0,0
teleport-javascript,Date/time libraries,2466,1175,0.44434306569343063,0.0040551500405515,0.8886861313868613,1.0,1,620843,1.0,0
@date-io/luxon,Date/time libraries,2830,509,6.840371024734982,0.2667844522968198,6.195053003533569,2.0,1,595047,34.0,0
react-date-range,Date/time libraries,3946,829,3.517359351241764,0.6639635073492144,6.294221996958946,2.0,1,515524,239.0,0
ics,Date/time libraries,4295,31,9.099359720605355,0.18323632130384168,6.888300349243306,2.0,1,573482,26.0,1
react-date-picker,Date/time libraries,3249,1,29.56625115420129,0.4161280393967375,2.585641735918744,2.0,1,401281,15.0,1
pikaday,Date/time libraries,5043,352,1.013979773944081,1.6042038469165179,7.459994051160024,1.0,1,334230,322.0,1
@js-joda/timezone,Date/time libraries,3939,9,3.709063214013709,0.4219345011424219,8.252665651180502,2.0,1,501010,11.0,1
@breejs/later,Date/time libraries,2172,974,1.849792817679558,0.06906077348066299,2.8587707182320443,2.0,1,390997,20.0,0
jest,Testing frameworks,4615,1,30.074756229685807,9.849187432286024,52.64205840770872,2.0,1,46751491,231.0,1
mocha,Testing frameworks,5623,0,15.91432509336653,4.073981860216966,39.62342166103504,2.0,1,14791710,248.0,1
vitest,Testing frameworks,1699,0,102.54517363154797,9.939964685108887,52.64205840770872,1.0,1,84959096,400.0,1
cynic,Testing frameworks,3923,1222,2.048304868722916,0.0012745347947998981,0.09310476676013256,1.0,1,83,1.0,0
@vaagatech/snapline-auth-adapters,Testing frameworks,26,20,32.46666666666667,0.0,8.116666666666667,2.0,1,51,0.0,1
@vaagatech/snapline-core,Testing frameworks,26,20,32.46666666666667,0.0,8.116666666666667,2.0,1,49,0.0,1
@amaui/test,Testing frameworks,1637,303,8.255497861942578,0.0,0.44624312767257174,2.0,1,224,0.0,1
@vaagatech/snapline-engine,Testing frameworks,26,20,32.46666666666667,0.0,8.116666666666667,2.0,1,41,0.0,1
@sx4im/chronos-vitest,Testing frameworks,471,1,3.877388535031847,0.036093418259023353,0.7754777070063694,2.0,1,739,0.0,1
event_request,Testing frameworks,2978,367,29.803811282740096,0.001343183344526528,1.1038448623237072,2.0,1,273,2.0,0
json-deep-compare,Testing frameworks,484,257,11.319731404958677,0.008264462809917356,2.2639462809917354,2.0,1,52,8.0,1
reqprobe,Testing frameworks,162,27,6.763888888888888,0.06172839506172839,4.509259259259259,1.0,1,5,0.0,1
@kubiklabs/wasmkit,Testing frameworks,1023,801,1.4281524926686218,0.008797653958944282,4.284457478005865,2.0,1,1,43.0,0
testchronicle,Testing frameworks,140,7,28.698214285714286,0.007142857142857143,7.826785714285714,2.0,1,169,0.0,1
testgenius-ai,Testing frameworks,397,389,11.040302267002518,0.005037783375314861,0.9200251889168766,2.0,1,49,0.0,0
mcp-jest,Testing frameworks,424,44,13.783018867924527,0.04009433962264151,1.722877358490566,1.0,1,80,47.0,1
insite-mcp,Testing frameworks,363,353,5.0309917355371905,0.0027548209366391185,1.006198347107438,1.0,1,33,1.0,1
mocktomata,Testing frameworks,3123,5,5.146013448607109,0.004482869036183158,0.7017291066282421,2.0,1,51,41.0,1
@saitarrunpitta/devforge-ai,Testing frameworks,40,38,12.175,0.044444444444444446,8.116666666666667,2.0,1,59,0.0,1
sdlc-ai-workflow,Testing frameworks,44,42,44.641666666666666,0.022222222222222223,8.116666666666667,2.0,0,19,0.0,1
@presidio-dev/factifai-agent,Testing frameworks,449,190,9.761692650334075,0.0400890868596882,5.694320712694877,1.0,1,11,0.0,1
tehanu,Testing frameworks,1908,794,1.722877358490566,0.0020964360587002098,0.1914308176100629,2.0,1,24,1.0,0
@arufa/wasmkit,Testing frameworks,1229,976,3.566314076484947,0.0024410089503661514,3.269121236777868,1.0,1,27,16.0,0
@mocktomata/cli,Testing frameworks,3123,5,1.8712776176753123,0.004482869036183158,0.7017291066282421,2.0,1,20,41.0,1
juno-trestle,Testing frameworks,1641,976,0.8903107861060329,0.007921998781230956,2.6709323583180984,2.0,1,6,23.0,0
junokit,Testing frameworks,1641,976,3.116087751371115,0.007921998781230956,2.6709323583180984,2.0,1,28,23.0,0
ava,Testing frameworks,4271,43,10.347752282837742,4.880590025755092,28.90529150081948,1.0,1,516177,72.0,1
jasmine,Testing frameworks,4536,0,6.280753968253968,0.083994708994709,4.75082671957672,2.0,1,1304053,1.0,1
tape,Testing frameworks,4994,41,11.775180216259512,1.1615939126952344,8.264567480977172,1.0,1,1082173,40.0,1
archunit,Testing frameworks,1311,1,23.124141876430205,0.34630053394355453,4.7362700228832955,2.0,1,49231,23.0,1
@ndp-software/lit-md,Testing frameworks,142,128,10.288732394366196,0.0,2.572183098591549,2.0,1,11,0.0,1
@vladx-official/vladx-core,Testing frameworks,204,143,28.647058823529413,0.0,3.5808823529411766,2.0,0,19,0.0,1
@mxmalykhin/template-package,Testing frameworks,916,786,1.9937227074235808,0.0032751091703056767,0.39874454148471616,2.0,1,13,0.0,0
@moyal/js-test,Testing frameworks,469,448,9.3454157782516,0.0,0.7787846481876333,2.0,1,36,0.0,0
secret-polar,Testing frameworks,1879,1036,7.7754124534326765,0.019691325172964343,1.9438531133581691,2.0,1,192,28.0,0
@scaffit/jest,Testing frameworks,292,274,6.254280821917808,0.0,1.2508561643835616,1.0,1,7,0.0,1
frappu,Testing frameworks,2668,1307,0.8214017991004499,0.0003748125937031484,0.13690029985007496,2.0,1,14,6.0,0
@komondor-lab/core,Testing frameworks,3123,5,0.11695485110470702,0.004482869036183158,0.7017291066282421,2.0,1,7,41.0,1
@scaffit/playwright,Testing frameworks,292,274,5.0034246575342465,0.0,1.2508561643835616,1.0,1,6,0.0,1
angular-jest-scaffolder,Testing frameworks,672,672,0.5435267857142857,0.001488095238095238,0.5435267857142857,2.0,1,6,0.0,0
@sherpajs/counsel,Testing frameworks,3118,1309,0.23428479794740217,0.00032071840923669016,0.23428479794740217,2.0,1,4,22.0,0
tstai,Testing frameworks,278,160,3.941546762589928,0.0,2.6276978417266186,2.0,1,5,0.0,1
redux,State management,4079,2,7.611240500122579,10.121843086852163,52.64205840770872,1.0,1,40474049,50.0,1
zustand,State management,2669,0,21.48529411764706,10.121843086852163,47.07605844885725,2.0,1,49026757,5.0,1
mobx,State management,4155,10,22.855595667870034,6.787966305655837,33.228519855595664,2.0,1,3856234,71.0,1
recoil,State management,2277,575,5.935111989459815,8.540184453227932,20.211462450592883,1.0,1,485037,320.0,0
jotai,State management,2178,0,35.21694214876033,9.748852157943068,41.58953168044077,2.0,1,5562146,4.0,1
xstate,State management,3971,0,27.68578443716948,7.539914379249559,35.32007051120625,1.0,1,5182386,120.0,1
@earendil-works/pi-agent-core,State management,354,0,39.20762711864407,10.121843086852163,52.64205840770872,2.0,1,1781159,98.0,1
@assistant-ui/store,State management,980,0,13.790051020408162,10.121843086852163,48.451530612244895,1.0,1,1332994,35.0,1
json-diff-ts,State management,2434,95,11.554745275267049,0.07888249794576828,3.0012325390304024,2.0,1,629703,9.0,1
@ngxs/store,State management,3088,1,143.6918531169311,1.1492875647668395,21.053918393782386,1.0,1,156747,18.0,1
@ngxs/devtools-plugin,State management,3088,1,143.6918531169311,1.1492875647668395,21.053918393782386,1.0,1,125527,18.0,1
@ngxs/storage-plugin,State management,3088,1,143.6918531169311,1.1492875647668395,21.053918393782386,1.0,1,79395,18.0,1
create-ls,State management,489,357,4.4815950920245395,0.010224948875255624,1.4938650306748464,2.0,1,30059,0.0,1
@ngxs/router-plugin,State management,3088,1,139.68920012953367,1.1492875647668395,21.053918393782386,1.0,1,64151,18.0,1
@oh-my-pi/pi-agent-core,State management,210,0,143.6918531169311,10.121843086852163,52.64205840770872,2.0,1,76378,834.0,1
@ngxs/logger-plugin,State management,3088,1,143.6918531169311,1.1492875647668395,21.053918393782386,1.0,1,59257,18.0,1
@ai-sdk-tools/store,State management,322,216,61.25310559006211,6.475155279503106,17.01475155279503,2.0,0,38897,42.0,1
@ngxs/form-plugin,State management,3088,1,143.6918531169311,1.1492875647668395,21.053918393782386,1.0,1,46559,18.0,1
hook-conditional,State management,413,357,1.768765133171913,0.007263922518159807,0.8843825665859565,2.0,1,10022,0.0,1
@openuidev/react-headless,State management,605,0,7.848347107438016,10.121843086852163,25.9599173553719,1.0,1,25471,128.0,1
create-cookie,State management,484,357,2.2639462809917354,0.004132231404958678,0.7546487603305785,2.0,1,5222,0.0,1
@ngxs/hmr-plugin,State management,3088,1,114.61374676165804,1.1492875647668395,21.053918393782386,1.0,1,15923,18.0,1
react-tidy,State management,2523,953,3.184898929845422,0.06460562822037257,0.7238406658739596,1.0,1,3890,5.0,0
@libre/atom,State management,2790,1302,1.4400537634408601,0.004301075268817204,0.2618279569892473,2.0,1,5504,10.0,0
rozenite-zustand-devtools,State management,158,149,6.935126582278481,0.15822784810126583,2.3117088607594938,2.0,1,5590,0.0,1
@tko/observable,State management,3875,2,1.8851612903225807,0.08129032258064516,2.733483870967742,1.0,1,1470,77.0,1
@dbeining/react-atom,State management,2811,1302,6.496798292422625,0.05585200996086802,0.25987193169690503,1.0,1,5131,31.0,0
@zubridge/electron,State management,533,0,31.52251407129456,0.09193245778611632,2.0558161350844277,2.0,1,3908,14.0,1
elf-sync-state,State management,1540,692,2.6089285714285713,0.007792207792207792,0.7115259740259741,1.0,1,5636,2.0,0
state-in-url,State management,882,11,41.82568027210885,0.47278911564625853,3.727040816326531,2.0,1,3927,1.0,1
@gajae-code/agent-core,State management,64,0,143.6918531169311,10.121843086852163,52.64205840770872,1.0,1,4332,35.0,1
@caupulican/pi-agent-core,State management,65,2,143.6918531169311,0.0,52.64205840770872,1.0,1,961,0.0,1
expo-zustand-persist,State management,641,137,2.279251170046802,0.0124804992199688,1.7094383775351012,2.0,0,2912,0.0,1
@f5-sales-demo/pi-agent-core,State management,112,0,143.6918531169311,0.0,52.64205840770872,1.0,1,10358,88.0,1
react-persistent-state-hook,State management,1406,872,4.9358108108108105,0.0,0.25977951635846375,1.0,1,3481,0.0,0
@ngxs/websocket-plugin,State management,3088,1,143.6918531169311,1.1492875647668395,21.053918393782386,1.0,1,6357,18.0,1
@hirotoshioi/hiraku-core,State management,237,226,3.0822784810126582,0.02531645569620253,1.5411392405063291,2.0,1,2462,0.0,1
@kolisachint/hoocode-agent-core,State management,81,1,143.6918531169311,0.011111111111111112,8.116666666666667,2.0,1,1530,2.0,1
@sigx/reactivity,State management,230,0,93.69456521739131,0.008695652173913044,3.1760869565217393,1.0,1,4547,31.0,1
data,State management,575,17,6.987391304347826,0.0,0.6352173913043477,2.0,1,1099,0.0,1
smart-context-hooks,State management,882,224,2.070578231292517,0.0,0.41411564625850344,2.0,1,1641,0.0,1
zustand-middleware-yjs,State management,1847,714,5.932593394694098,0.07255008121277748,0.5932593394694098,1.0,1,2392,10.0,0
loro-mirror,State management,519,38,11.963872832369942,0.04816955684007707,5.630057803468208,1.0,0,2157,8.0,1
shelving,State management,2006,0,112.88883349950149,0.0014955134596211367,1.2745513459621136,1.0,1,1849,9.0,1
state-hooks,State management,2603,1760,0.8419131771033423,0.2139838647714176,0.5612754514022282,1.0,1,2153,9.0,0
@json-render/zustand,State management,196,21,27.95280612244898,10.121843086852163,40.99744897959184,2.0,1,2854,100.0,1
next-url-state,State management,289,6,11.374567474048442,0.02422145328719723,5.055363321799308,1.0,1,3868,1.0,1
wevu,State management,679,0,88.75736377025036,0.646539027982327,5.917157584683358,2.0,1,1922,14.0,1
radioactive-state,State management,2165,1433,3.3741339491916857,0.14457274826789837,0.33741339491916855,2.0,0,1191,1.0,0
array-utils-ts,State management,1171,138,2.4953031596925705,0.005977796754910333,0.3119128949615713,2.0,1,1675,0.0,1
@chakra-dev/dojo-hooks,State management,280,161,3.913392857142857,0.02857142857142857,6.522321428571429,2.0,0,551,7.0,1
fluxible-js,State management,2878,1382,11.802727588603197,0.005211952744961779,0.12691104933981934,2.0,1,192,0.0,0
@zhachory1/mewrite-agent,State management,42,5,143.6918531169311,0.022222222222222223,52.64205840770872,2.0,1,674,11.0,1
recoil-next,State management,609,185,2.998768472906404,0.022988505747126436,52.64205840770872,1.0,1,1544,0.0,1
@ilteoood/zorro,State management,327,4,2.2339449541284404,0.024464831804281346,3.3509174311926606,2.0,1,2012,14.0,1
alvamind,State management,534,526,8.207865168539326,0.0,0.6839887640449439,2.0,0,1593,0.0,0
ramda,Utility libraries,4786,3,4.8079293773506055,5.027998328458002,27.93178019222733,2.0,1,14616206,146.0,1
underscore,Utility libraries,6121,16,3.2819392256167292,4.466263682404835,19.631963731416434,2.0,1,27372319,53.0,1
type-fest,Utility libraries,2696,16,26.01186943620178,6.426186943620178,29.39883160237389,1.0,1,367320338,215.0,1
prelude-ls,Utility libraries,5177,76,0.9877342090013521,0.08209387676260382,0.8466293220011589,2.0,1,141891804,31.0,1
bytes,Utility libraries,5161,754,1.2738810308079829,0.09203642704902151,1.4154233675644254,1.0,1,123562680,11.0,0
escape-html,Utility libraries,5095,1412,0.3584396467124632,0.09656526005888126,0.5735034347399411,1.0,1,108714428,3.0,0
async,Utility libraries,5902,178,5.7553795323619115,4.769569637411047,16.894823788546255,2.0,1,95149629,27.0,1
follow-redirects,Utility libraries,5005,108,5.181368631368631,0.11608391608391608,2.627172827172827,2.0,1,102606531,17.0,1
string.prototype.trimend,Utility libraries,3145,54,1.5097774244833067,0.001589825119236884,0.23227344992050872,1.0,1,85045046,1.0,1
extend-shallow,Utility libraries,4292,1817,1.1063024231127678,0.007688723205964585,0.2553005591798695,2.0,1,69108978,4.0,0
globby,Utility libraries,4421,4,4.709172133001583,0.5987333182537887,4.213469803211943,1.0,1,94044787,0.0,1
string.prototype.trimstart,Utility libraries,3145,197,1.277503974562798,0.0012718600953895071,0.23227344992050872,1.0,1,75467934,1.0,1
unist-util-visit-parents,Utility libraries,3778,286,2.4169534145050293,0.021439915299100054,0.38671254632080465,1.0,1,57398900,1.0,1
unist-util-visit,Utility libraries,4045,188,2.167119901112484,0.08702101359703338,1.2641532756489493,1.0,1,57195771,0.0,1
unist-util-is,Utility libraries,3984,281,1.8335843373493976,0.011295180722891566,0.5500753012048193,1.0,1,57736147,0.0,1
mdast-util-to-string,Utility libraries,4045,821,1.5350432632880098,0.011372064276885044,0.36118665018541407,1.0,1,50994423,0.0,0
micromark-util-character,Utility libraries,2815,445,1.427264653641208,0.780461811722913,11.288365896980462,1.0,1,57036245,15.0,0
micromark-util-types,Utility libraries,2815,445,1.427264653641208,0.780461811722913,11.288365896980462,1.0,1,47997468,15.0,0
mdast-util-from-markdown,Utility libraries,2158,56,5.416126042632067,0.13206672845227063,0.8462696941612604,1.0,1,48883340,4.0,1
vfile-message,Utility libraries,3177,368,2.5292728989612843,0.0031476235442241107,0.5748347497639282,1.0,1,52819910,1.0,0
@sindresorhus/is,Utility libraries,3233,79,7.117460562944634,0.5536653263223013,5.8747293535416025,1.0,1,51449565,0.0,1
micromark-util-symbol,Utility libraries,2815,445,1.1677619893428064,0.780461811722913,11.288365896980462,1.0,1,59563170,15.0,0
unist-util-stringify-position,Utility libraries,3757,1119,1.263840830449827,0.0015970188980569604,0.29165557625765237,1.0,1,56131196,0.0,0
micromark-util-classify-character,Utility libraries,2815,445,1.0380106571936056,0.780461811722913,11.288365896980462,1.0,1,46089927,15.0,0
micromark-util-subtokenize,Utility libraries,2815,445,1.81651865008881,0.780461811722913,11.288365896980462,1.0,1,42173895,15.0,0
mdast-util-to-hast,Utility libraries,3694,248,5.932593394694098,0.03302652950730915,2.966296697347049,1.0,1,43423224,0.0,1
fb-watchman,Utility libraries,4990,0,1.2443386773547094,2.73627254509018,36.012625250501,2.0,1,48352626,252.0,1
meow,Utility libraries,4308,8,3.9000696378830084,0.862116991643454,3.815285515320334,1.0,1,42328996,3.0,1
micromark-util-decode-numeric-character-reference,Utility libraries,2815,445,0.7785079928952042,0.780461811722913,11.288365896980462,1.0,1,45958298,15.0,0
process-warning,Utility libraries,2224,0,1.8065422661870503,0.0170863309352518,2.956160071942446,1.0,1,46968335,1.0,1
micromark-util-sanitize-uri,Utility libraries,2815,445,1.1677619893428064,0.780461811722913,11.288365896980462,1.0,1,48655502,15.0,0
micromark-util-encode,Utility libraries,2815,445,1.1677619893428064,0.780461811722913,11.288365896980462,1.0,1,48645838,15.0,0
mdast-util-to-markdown,Utility libraries,2149,96,6.968473708701722,0.06514657980456026,0.6798510935318752,1.0,1,44666141,8.0,1
micromark-util-html-tag-name,Utility libraries,2815,445,1.1677619893428064,0.780461811722913,11.288365896980462,1.0,1,38373357,15.0,0
micromark-util-chunked,Utility libraries,2815,445,1.0380106571936056,0.780461811722913,11.288365896980462,1.0,1,42398462,15.0,0
micromark-util-resolve-all,Utility libraries,2815,445,1.0380106571936056,0.780461811722913,11.288365896980462,1.0,1,45979778,15.0,0
mdast-util-phrasing,Utility libraries,3160,910,1.0402689873417723,0.00031645569620253165,0.34675632911392407,1.0,1,41417109,0.0,0
micromark-util-combine-extensions,Utility libraries,2815,445,1.0380106571936056,0.780461811722913,11.288365896980462,1.0,1,45830142,15.0,0
unist-util-position,Utility libraries,4044,1119,1.174146884272997,0.0019782393669634025,0.3612759643916914,1.0,1,43351061,0.0,0
micromark-util-normalize-identifier,Utility libraries,2815,445,1.0380106571936056,0.780461811722913,11.288365896980462,1.0,1,45887512,15.0,0
micromark-util-decode-string,Utility libraries,2815,445,0.7785079928952042,0.780461811722913,11.288365896980462,1.0,1,44268293,15.0,0
hast-util-whitespace,Utility libraries,3757,1094,0.7777482033537397,0.001064679265371307,0.29165557625765237,1.0,1,37993798,0.0,0
mdast-util-gfm-autolink-literal,Utility libraries,2144,56,1.7035914179104477,0.007462686567164179,0.5110774253731343,1.0,1,34119267,3.0,1
mdast-util-gfm-strikethrough,Utility libraries,2145,56,1.7027972027972027,0.002331002331002331,0.5108391608391608,1.0,1,31883146,1.0,1
mdast-util-find-and-replace,Utility libraries,2112,572,2.075284090909091,0.005681818181818182,0.6917613636363635,1.0,1,34467358,0.0,0
mdast-util-mdx-jsx,Utility libraries,2061,252,4.430494905385735,0.015526443474041727,1.0633187772925763,1.0,1,34673068,0.0,1
mdast-util-mdx-expression,Utility libraries,2067,252,2.1204644412191582,0.0024189646831156266,0.353410740203193,1.0,1,30966973,0.0,1
mdast-util-gfm,Utility libraries,2140,534,1.5360981308411215,0.011214953271028037,0.3413551401869159,1.0,1,34561305,0.0,0
mdast-util-gfm-footnote,Utility libraries,1761,56,1.037052810902896,0.0028392958546280523,0.4148211243611585,1.0,1,32261224,0.0,1
mdast-util-gfm-table,Utility libraries,2140,56,2.730841121495327,0.007009345794392523,0.5120327102803738,1.0,1,32209872,1.0,1
filelist,Utility libraries,4429,109,1.154549559720027,0.0015804922104312486,0.7422104312485889,2.0,1,30351956,3.0,1
mdast-util-mdxjs-esm,Utility libraries,2068,685,1.9428191489361701,0.0033849129593810446,0.35323984526112184,1.0,1,33707977,0.0,0
mdast-util-gfm-task-list-item,Utility libraries,2140,1106,1.8774532710280372,0.002803738317757009,0.3413551401869159,1.0,1,31846231,2.0,0
hast-util-parse-selector,Utility libraries,3811,1094,1.341773812647599,0.003411178168459722,0.2875229598530569,1.0,1,28148565,0.0,0
hast-util-to-jsx-runtime,Utility libraries,1292,512,4.240518575851393,0.06811145510835913,1.1308049535603715,1.0,1,29206821,1.0,0
classnames,Utility libraries,4285,2,2.557176196032672,4.1514585764294045,4.773395565927655,2.0,1,31477086,11.0,1
normalize-range,Utility libraries,3974,8,0.27572974333165573,0.004529441368897836,0.27572974333165573,2.0,1,23864398,0.0,1
hastscript,Utility libraries,3808,133,2.11016281512605,0.052521008403361345,0.5754989495798319,1.0,1,26383254,1.0,1
has-values,Utility libraries,4142,2051,0.6172742636407532,0.005552873008208595,0.08818203766296476,2.0,1,22183573,3.0,0
hast-util-from-parse5,Utility libraries,3655,525,2.2984268125854994,0.004651162790697674,0.5995896032831738,1.0,1,20893332,0.0,0
vfile-location,Utility libraries,3826,645,1.7183742812336644,0.0036591740721380033,0.28639571353894405,1.0,1,22233617,0.0,0
hast-util-to-html,Utility libraries,3694,525,3.065173253925284,0.03194369247428262,0.7910124526258797,1.0,1,18087202,1.0,0
yup,Data validation,4328,5,11.139787430683919,5.4699630314232905,14.431088262476896,2.0,1,12634275,247.0,1
joi,Data validation,5064,42,17.959567535545023,4.184044233807267,19.474229857819907,1.0,1,22623983,201.0,1
ajv,Data validation,4089,79,32.067681584739546,3.616043042308633,18.936903888481293,1.0,1,357459902,369.0,1
superstruct,Data validation,3171,667,10.366603595080417,2.250709555345317,7.832544938505204,1.0,1,5521576,103.0,0
ajv-formats,Data validation,2201,710,5.974102680599727,0.10358927760109041,1.991367560199909,2.0,1,116254198,62.0,0
ip-address,Data validation,5613,5,3.7741849278460715,0.10903260288615714,1.9521646178514165,2.0,1,76657345,6.0,1
@eslint/object-schema,Data validation,826,1,4.8641041162227605,0.4152542372881356,11.054782082324456,1.0,1,104362942,5.0,1
css-tree,Data validation,3617,146,6.058888581697539,0.5841857893281726,3.0294442908487693,1.0,1,103984553,70.0,1
xmlchars,Data validation,2946,210,1.1158350305498983,0.0010183299389002036,0.6199083503054991,2.0,1,74252604,13.0,1
@standard-schema/spec,Data validation,843,16,3.4661921708185055,4.238434163701068,40.727758007117444,2.0,1,86990172,36.0,1
requires-port,Data validation,4283,1111,0.25583703011907544,0.0025682932523931824,0.34111604015876723,2.0,1,51949083,2.0,0
validate-npm-package-name,Data validation,4277,41,1.8787701660042087,0.07364975450081833,1.8787701660042087,1.0,1,38699165,3.0,1
validate-npm-package-license,Data validation,4105,1932,0.8897685749086479,0.00682095006090134,0.1779537149817296,1.0,1,37348731,0.0,0
react-hook-form,Data validation,2703,0,143.6918531169311,10.121843086852163,52.64205840770872,1.0,1,58020262,10.0,1
@hookform/resolvers,Data validation,2291,4,22.95766041030118,0.9847228284591881,11.159973810563073,2.0,1,44632897,3.0,1
zod-validation-error,Data validation,1430,2,10.727622377622378,0.7153846153846154,4.0867132867132865,2.0,1,40898754,8.0,1
validator,Data validation,5776,0,13.785405124653739,4.1104570637119116,37.372359764542935,2.0,1,25606935,463.0,1
valibot,Data validation,1119,0,31.66152815013405,7.925826630920465,52.64205840770872,1.0,1,16029576,161.0,1
@sideway/address,Data validation,2686,912,0.9518801191362621,0.012285927029039464,1.2238458674609085,1.0,1,14158142,2.0,0
ajv-draft-04,Data validation,1897,1122,0.5776225619399051,0.005798629414865577,0.1925408539799684,2.0,1,15181467,4.0,0
@hapi/address,Data validation,2686,912,2.1757259865971705,0.012285927029039464,1.2238458674609085,1.0,1,8562425,2.0,0
@redocly/ajv,Data validation,2226,114,3.6098382749326143,0.0008984725965858042,32.32446091644205,1.0,1,7606243,0.0,1
jsonschema,Data validation,5136,82,2.7735105140186915,0.3648753894080997,5.262558411214953,2.0,1,6395002,73.0,1
@mapbox/jsonlint-lines-primitives,Data validation,3044,34,0.4799605781865966,0.0009855453350854138,1.9198423127463864,1.0,1,5785972,0.0,1
@apidevtools/swagger-parser,Data validation,4301,257,1.1039874447802838,0.2803999069983725,3.227040223203906,1.0,1,5596383,64.0,1
@exodus/schemasafe,Data validation,2240,435,4.891741071428572,0.07946428571428571,6.033147321428571,2.0,1,4796219,19.0,0
oas-validator,Data validation,3569,1007,5.219319137013168,0.20930232558139536,1.9444522275147098,2.0,1,4402596,45.0,0
valid-url,Data validation,4750,1776,0.6920526315789474,0.04463157894736842,0.6151578947368421,2.0,1,4166072,21.0,0
formik,Data validation,3332,261,23.45843337334934,10.121843086852163,50.53428871548619,1.0,1,4636813,838.0,1
swagger2openapi,Data validation,3569,1007,15.964976183804987,0.20930232558139536,1.9444522275147098,2.0,1,4217078,45.0,0
z-schema,Data validation,4755,0,12.213406940063091,0.07276550998948475,3.1493690851735017,2.0,1,3430937,0.0,1
is2,Data validation,4912,1307,2.230761400651466,0.002035830618892508,0.5948697068403909,2.0,1,4525259,4.0,0
dependency-cruiser,Data validation,3538,0,59.98028547201808,1.9796495195025439,5.368287167891464,1.0,1,2924523,39.0,1
validate.io-array,Data validation,4351,4080,0.8394621925994025,0.000689496667432774,0.1678924385198805,2.0,1,2877271,0.0,0
validate.io-function,Data validation,4351,4178,0.5036773155596415,0.000689496667432774,0.08394621925994025,2.0,1,2831568,0.0,0
email-validator,Data validation,5155,1043,1.3462172647914645,0.08729388942774007,1.7004849660523762,2.0,1,2471445,23.0,0
ow,Data validation,3226,286,5.3213732176069435,1.198388096714197,4.302386856788592,1.0,1,2698882,0.0,1
drizzle-zod,Data validation,1862,0,28.247046186895812,10.121843086852163,26.481605800214822,2.0,1,2146033,1930.0,1
zod-from-json-schema,Data validation,486,13,12.024691358024691,0.06995884773662552,3.006172839506173,2.0,1,2581246,0.0,1
validate.io-integer-array,Data validation,4177,4177,0.17488628202058895,0.00047881254488867607,0.08744314101029448,2.0,1,2057715,0.0,0
validate.io-number,Data validation,4351,4178,0.41973109629970123,0.0004596644449551827,0.08394621925994025,2.0,1,1997846,0.0,0
is-lite,Data validation,3065,249,3.336704730831974,0.005872756933115824,0.11916802610114192,1.0,1,2021519,0.0,1
validate.io-integer,Data validation,4351,4175,0.5876235348195817,0.0004596644449551827,0.08394621925994025,2.0,1,2218009,0.0,0
express-validator,Data validation,5412,15,8.436114190687361,1.1528085735402809,9.448447893569845,1.0,1,1758858,82.0,1
swagger-parser,Data validation,4301,257,6.878691002092537,0.2803999069983725,3.227040223203906,1.0,1,1718847,64.0,1
tcomb-validation,Data validation,4357,3270,2.9340716089052097,0.09111774156529723,0.5029837043837503,2.0,1,1512109,13.0,0
is-json,Data validation,4482,64,0.9779116465863454,0.016287371709058456,0.08149263721552878,2.0,1,1631560,9.0,1
magic-bytes.js,Data validation,3046,5,5.875656598818122,0.05318450426789232,2.997783978988838,1.0,1,1341717,10.0,1
@eslint/css-tree,Data validation,524,1,18.82013358778626,0.04198473282442748,27.18463740458015,1.0,1,1586555,7.0,1
prop-types-exact,Data validation,3342,90,1.3114901256732496,0.07091561938958707,0.21858168761220825,1.0,1,1170623,1.0,1
graphql-query-complexity,Data validation,3284,7,2.891747868453106,0.22838002436053592,2.335642509135201,2.0,1,1006694,13.0,1
is-scoped,Data validation,3417,1482,0.42756804214223,0.0073163593795727245,0.3206760316066725,1.0,1,1466068,0.0,0
convict,Data validation,5303,86,4.408070903262304,0.4478597020554403,5.992221384122195,1.0,1,1234893,72.0,1
@lingui/conf,Data validation,3480,3,20.151724137931033,1.6758620689655173,28.758189655172412,1.0,1,1046759,59.0,1
intl-tel-input,Data validation,4807,25,41.10677137507801,1.7127106303307675,13.06906594549615,2.0,1,994080,5.0,1
@metamask/superstruct,Data validation,901,13,3.243063263041065,0.003329633740288568,28.37680355160932,1.0,1,966077,2.0,1
@sapphire/shapeshift,Data validation,1692,1,104.69636524822694,0.05555555555555555,3.0221631205673756,1.0,1,957191,12.0,1
strict-url-sanitise,Data validation,399,399,0.9154135338345865,0.012531328320802004,0.9154135338345865,2.0,0,963531,0.0,0
vee-validate,Data validation,3652,148,34.704750821467684,3.0846111719605696,41.00561336254107,1.0,1,1091707,171.0,1
